"model","train_type","model_layer","model_layer_depth","score","model_string"
"ViT-L/14","clip","LayerNorm-50",0.994186046511628,0.874859107639597,"ViT-L/14_clip"
"ViT-B/16","clip","LayerNorm-26",0.988636363636364,0.861609110590137,"ViT-B/16_clip"
"RN50x4","clip","AttentionPool2d-1",1,0.853830475569175,"RN50x4_clip"
"ViT-B/32","clip","LayerNorm-26",0.988636363636364,0.845214427842957,"ViT-B/32_clip"
"RN101","clip","AttentionPool2d-1",1,0.833178265689165,"RN101_clip"
"RN50","clip","AttentionPool2d-1",1,0.824495826495433,"RN50_clip"
"convnext_large_in22k","imagenet21k","Conv2d-39",0.939163498098859,0.799313415262329,"convnext_large_in22k_imagenet21k"
"ViT-L-SLIP","slip","Identity-50",1,0.790097846790252,"ViT-L-SLIP_slip"
"convnext_base_in22k","imagenet21k","LayerNorm2d-5",0.996197718631179,0.790019345176969,"convnext_base_in22k_imagenet21k"
"ViT-L-SLIP-Ep100","slip","Identity-50",1,0.785385523737054,"ViT-L-SLIP-Ep100_slip"
"swin_base_patch4_window7_224_in22k","imagenet21k","Linear-100",1,0.778007575953186,"swin_base_patch4_window7_224_in22k_imagenet21k"
"ViT-B-SLIP-Ep100","slip","Identity-26",1,0.777576128144643,"ViT-B-SLIP-Ep100_slip"
"ViT-B-SLIP","slip","Identity-26",1,0.770146487223262,"ViT-B-SLIP_slip"
"ViT-L-SLIP-CC12M","slip","Identity-26",1,0.769109694455603,"ViT-L-SLIP-CC12M_slip"
"resnetv2_101x3_bitm_in21k","big_transfer","ReLU-100",0.991701244813278,0.765540663652422,"resnetv2_101x3_bitm_in21k_big_transfer"
"RegNet-32Gf-SEER","seer","AdaptiveAvgPool2d-23",0.974603174603175,0.763563490863109,"RegNet-32Gf-SEER_seer"
"RegNet-64Gf-SEER","seer","BatchNorm2d-68",0.993730407523511,0.75920410087743,"RegNet-64Gf-SEER_seer"
"swin_base_patch4_window7_224","imagenet","AdaptiveAvgPool1d-1",0.994535519125683,0.756185223256141,"swin_base_patch4_window7_224_imagenet"
"ViT-S-SLIP-Ep100","slip","Identity-26",1,0.753316153831977,"ViT-S-SLIP-Ep100_slip"
"RegNet-64Gf-SEER-INFT","seer","BatchNorm2d-67",0.987421383647799,0.748491790488635,"RegNet-64Gf-SEER-INFT_seer"
"resnetv2_50x1_bitm_in21k","big_transfer","AdaptiveAvgPool2d-1",0.991803278688525,0.73884761014504,"resnetv2_50x1_bitm_in21k_big_transfer"
"swsl_resnet50","semi-weakly-supervised","AdaptiveAvgPool2d-1",0.993670886075949,0.735725221618233,"swsl_resnet50_semi-weakly-supervised"
"vit_base_r50_s16_224_in21k","imagenet21k","Linear-49",0.991525423728814,0.735375292328089,"vit_base_r50_s16_224_in21k_imagenet21k"
"ViT-S-SLIP","slip","Identity-26",1,0.735368210995857,"ViT-S-SLIP_slip"
"ViT-B-CLIP","slip","Identity-26",1,0.734633978265622,"ViT-B-CLIP_slip"
"ViT-L-CLIP-CC12M","slip","Identity-26",1,0.73396872003515,"ViT-L-CLIP-CC12M_slip"
"resnetv2_101x3_bitm","big_transfer","PreActBottleneck-33",0.987551867219917,0.728546153147074,"resnetv2_101x3_bitm_big_transfer"
"dino_xcit_medium_24_p16","selfsupervised","Dropout-94",0.911016949152542,0.72679409486404,"dino_xcit_medium_24_p16_selfsupervised"
"vit_base_patch16_224","imagenet","LayerNorm-24",0.93859649122807,0.725012142337237,"vit_base_patch16_224_imagenet"
"ViT-L-CLIP","slip","Identity-50",1,0.722073206043731,"ViT-L-CLIP_slip"
"swsl_resnext101_32x4d","semi-weakly-supervised","AdaptiveAvgPool2d-1",0.996784565916399,0.715376887775134,"swsl_resnext101_32x4d_semi-weakly-supervised"
"eca_nfnet_l1","imagenet","AdaptiveAvgPool2d-1",0.996969696969697,0.71508035633641,"eca_nfnet_l1_imagenet"
"RegNet-32Gf-SEER-INFT","seer","BatchNorm2d-67",0.987261146496815,0.714678088438612,"RegNet-32Gf-SEER-INFT_seer"
"dino_xcit_small_12_p16","selfsupervised","Linear-55",0.9765625,0.713623450774672,"dino_xcit_small_12_p16_selfsupervised"
"convnext_base","imagenet","LayerNorm-39",0.942965779467681,0.711565914996239,"convnext_base_imagenet"
"eca_nfnet_l0","imagenet","AdaptiveAvgPool2d-1",0.994252873563218,0.711140983092594,"eca_nfnet_l0_imagenet"
"ViT-L-SimCLR","slip","Identity-50",1,0.709792416625438,"ViT-L-SimCLR_slip"
"ViT-S-CLIP","slip","Identity-26",1,0.707394399194309,"ViT-S-CLIP_slip"
"vit_base_patch32_224","imagenet","Linear-47",0.947368421052632,0.706336101379974,"vit_base_patch32_224_imagenet"
"nf_resnet50","imagenet","AdaptiveAvgPool2d-1",0.991935483870968,0.704430229274144,"nf_resnet50_imagenet"
"twins_svt_base","imagenet","LayerNorm-61",0.932835820895522,0.703296710868807,"twins_svt_base_imagenet"
"dino_xcit_small_12_p8","selfsupervised","Identity-41",1,0.70317700411961,"dino_xcit_small_12_p8_selfsupervised"
"vit_base_patch16_224_in21k","imagenet21k","LayerNorm-24",0.93859649122807,0.702559488655367,"vit_base_patch16_224_in21k_imagenet21k"
"dino_vits16","selfsupervised","VisionTransformer-1",1,0.700002054165891,"dino_vits16_selfsupervised"
"convit_base","imagenet","Linear-62",0.879699248120301,0.699557892049083,"convit_base_imagenet"
"resnetv2_50x1_bitm","big_transfer","AdaptiveAvgPool2d-1",0.991803278688525,0.699020609678027,"resnetv2_50x1_bitm_big_transfer"
"regnety_064","imagenet","SEModule-25",0.983606557377049,0.698093599642305,"regnety_064_imagenet"
"repvgg_b3g4","imagenet","AdaptiveAvgPool2d-1",0.99537037037037,0.695998876170416,"repvgg_b3g4_imagenet"
"dino_resnet50","selfsupervised","AdaptiveAvgPool2d-1",1,0.695317033058264,"dino_resnet50_selfsupervised"
"seresnext50_32x4d","imagenet","AdaptiveAvgPool2d-1",0.995798319327731,0.69486671241997,"seresnext50_32x4d_imagenet"
"dino_vitb16","selfsupervised","VisionTransformer-1",1,0.694458129637862,"dino_vitb16_selfsupervised"
"dino_xcit_medium_24_p8","selfsupervised","Dropout-82",0.797441364605544,0.694136851281566,"dino_xcit_medium_24_p8_selfsupervised"
"swin_tiny_patch4_window7_224","imagenet","LayerNorm-28",0.929292929292929,0.693090855442767,"swin_tiny_patch4_window7_224_imagenet"
"ViT-B-SimCLR","slip","Identity-26",1,0.6925339589173,"ViT-B-SimCLR_slip"
"skresnext50_32x4d","imagenet","AdaptiveAvgPool2d-1",0.996062992125984,0.690113892925521,"skresnext50_32x4d_imagenet"
"hardcorenas_f","imagenet","Hardswish-27",0.995726495726496,0.688967559304733,"hardcorenas_f_imagenet"
"mixer_l16_224","imagenet","MixerBlock-21",0.868852459016393,0.68852106965006,"mixer_l16_224_imagenet"
"visformer_small","imagenet","BatchNorm2d-27",0.948529411764706,0.688402679598294,"visformer_small_imagenet"
"mixer_b16_224","imagenet","GELU-23",0.92741935483871,0.687743152496372,"mixer_b16_224_imagenet"
"cait_s24_224","imagenet","Linear-155",0.982507288629738,0.687691521669782,"cait_s24_224_imagenet"
"dino_vits8","selfsupervised","VisionTransformer-1",1,0.685961412115983,"dino_vits8_selfsupervised"
"pit_b_224","imagenet","Transformer-5-2",0.984251968503937,0.68577354565143,"pit_b_224_imagenet"
"wide_resnet101_2","imagenet","AdaptiveAvgPool2d-1",0.996784565916399,0.685041074175657,"wide_resnet101_2_imagenet"
"gernet_s","imagenet","AdaptiveAvgPool2d-1",0.990566037735849,0.684807374246501,"gernet_s_imagenet"
"ResNet50-SwAV-BS4096-2x224","selfsupervised","AdaptiveAvgPool2d-1",1,0.684433639388808,"ResNet50-SwAV-BS4096-2x224_selfsupervised"
"ResNet50-SwAV-BS4096-2x224+6x96","selfsupervised","AdaptiveAvgPool2d-1",1,0.684433639388808,"ResNet50-SwAV-BS4096-2x224+6x96_selfsupervised"
"regnetx_064","imagenet","AdaptiveAvgPool2d-1",0.99236641221374,0.684406659031261,"regnetx_064_imagenet"
"deit_base_patch16_224","imagenet","Linear-47",0.947368421052632,0.683317479492223,"deit_base_patch16_224_imagenet"
"twins_pcpvt_base","imagenet","LayerNorm-83",0.954022988505747,0.68264806887057,"twins_pcpvt_base_imagenet"
"dino_vitb8","selfsupervised","VisionTransformer-1",1,0.682298519994312,"dino_vitb8_selfsupervised"
"ResNet50-DeepClusterV2-2x224+6x96","selfsupervised","AdaptiveAvgPool2d-1",1,0.681647626720689,"ResNet50-DeepClusterV2-2x224+6x96_selfsupervised"
"efficientnetv2_rw_s","imagenet","BatchNorm2d-104",0.91304347826087,0.681190691042061,"efficientnetv2_rw_s_imagenet"
"hardcorenas_a","imagenet","Hardswish-15",0.992857142857143,0.676555947027813,"hardcorenas_a_imagenet"
"densenet201","imagenet","BatchNorm2d-201",0.998360655737705,0.675907605386811,"densenet201_imagenet"
"ViT-S-SimCLR","slip","Identity-26",1,0.674749374427482,"ViT-S-SimCLR_slip"
"mixer_b16_224_in21k","imagenet21k","LayerNorm-23",0.911290322580645,0.674116261112534,"mixer_b16_224_in21k_imagenet21k"
"ResNet50-SimCLR","selfsupervised","AdaptiveAvgPool2d-1",1,0.674063155979284,"ResNet50-SimCLR_selfsupervised"
"resnet152","imagenet","AdaptiveAvgPool2d-1",0.997844827586207,0.672126078500224,"resnet152_imagenet"
"wide_resnet50_2","imagenet","ReLU-48",0.968354430379747,0.672066979711125,"wide_resnet50_2_imagenet"
"coat_lite_mini","imagenet","LayerNorm-19",0.89344262295082,0.670849845526513,"coat_lite_mini_imagenet"
"resnext50_32x4d","imagenet","ReLU-48",0.968354430379747,0.669912970324552,"resnext50_32x4d_imagenet"
"mobilenetv3_rw","imagenet","Hardswish-26",0.994318181818182,0.669702019887371,"mobilenetv3_rw_imagenet"
"densenet161","imagenet","BatchNorm2d-161",0.997959183673469,0.66944211510946,"densenet161_imagenet"
"resnet101","imagenet","ReLU-100",0.993569131832797,0.668167807846369,"resnet101_imagenet"
"vgg16_bn","imagenet","ReLU-15",0.979591836734694,0.665588842046339,"vgg16_bn_imagenet"
"densenet169","imagenet","BatchNorm2d-169",0.998054474708171,0.664690202432448,"densenet169_imagenet"
"levit_128","imagenet","Linear-60",0.993055555555556,0.66415563589846,"levit_128_imagenet"
"resnext101_32x8d","imagenet","ReLU-97",0.964630225080386,0.662501712470556,"resnext101_32x8d_imagenet"
"ResNet50-BarlowTwins-BS2048","selfsupervised","AdaptiveAvgPool2d-1",1,0.659182374231997,"ResNet50-BarlowTwins-BS2048_selfsupervised"
"swsl_resnet18","semi-weakly-supervised","AdaptiveAvgPool2d-1",0.983333333333333,0.657113349733788,"swsl_resnet18_semi-weakly-supervised"
"resnet50","imagenet","ReLU-49",0.987341772151899,0.656569465170468,"resnet50_imagenet"
"vgg19_bn","imagenet","ReLU-18",0.982758620689655,0.655119031643705,"vgg19_bn_imagenet"
"vgg13_bn","imagenet","ReLU-12",0.975,0.654853412303156,"vgg13_bn_imagenet"
"mnasnet1_0","imagenet","BatchNorm2d-50",0.947019867549669,0.653511329686972,"mnasnet1_0_imagenet"
"spnasnet_100","imagenet","ReLU-43",0.989304812834225,0.649798732553314,"spnasnet_100_imagenet"
"vgg11","imagenet","ReLU-10",0.961538461538462,0.649666331065322,"vgg11_imagenet"
"vgg11_bn","imagenet","ReLU-10",0.970588235294118,0.649577689777704,"vgg11_bn_imagenet"
"ghostnet_100","imagenet","ReLU-42",0.99644128113879,0.649369751109196,"ghostnet_100_imagenet"
"densenet121","imagenet","BatchNorm2d-121",0.997297297297297,0.649274574084814,"densenet121_imagenet"
"ResNet50-DeepClusterV2-2x224","selfsupervised","AdaptiveAvgPool2d-1",1,0.649269854352326,"ResNet50-DeepClusterV2-2x224_selfsupervised"
"vgg16","imagenet","ReLU-15",0.972222222222222,0.647768657171219,"vgg16_imagenet"
"cspdarknet53","imagenet","DarkBlock-23",0.962264150943396,0.647367620218891,"cspdarknet53_imagenet"
"vgg13","imagenet","ReLU-12",0.966666666666667,0.64697990578375,"vgg13_imagenet"
"vgg19","imagenet","ReLU-18",0.976190476190476,0.643341906247471,"vgg19_imagenet"
"inception_resnet_v2","imagenet","ReLU-233",0.952991452991453,0.641714034451775,"inception_resnet_v2_imagenet"
"inception_v4","imagenet","AvgPool2d-13",0.921810699588477,0.639606844711052,"inception_v4_imagenet"
"mobilenet_v2","imagenet","ReLU6-35",0.986754966887417,0.63893690400585,"mobilenet_v2_imagenet"
"resnet34","imagenet","ReLU-33",0.981481481481482,0.638924600545117,"resnet34_imagenet"
"tf_efficientnet_b7","imagenet","BatchNorm2d-161",0.981554677206851,0.633778376077549,"tf_efficientnet_b7_imagenet"
"googlenet","imagenet","Inception-9",0.98974358974359,0.633715685969939,"googlenet_imagenet"
"tnt_s_patch16_224","imagenet","Linear-120",0.871428571428571,0.628882294235606,"tnt_s_patch16_224_imagenet"
"dla34","imagenet","ReLU-33",0.982300884955752,0.627930132994243,"dla34_imagenet"
"ResNet50-PIRL","selfsupervised","AdaptiveAvgPool2d-1",1,0.621592018463209,"ResNet50-PIRL_selfsupervised"
"resnet18","imagenet","ReLU-17",0.966666666666667,0.61943116548485,"resnet18_imagenet"
"pit_ti_224","imagenet","LayerNorm-23",0.898305084745763,0.615555432614498,"pit_ti_224_imagenet"
"mnasnet0_5","imagenet","Dropout-1",0.993377483443709,0.614687005855358,"mnasnet0_5_imagenet"
"xception","imagenet","Conv2d-106",0.970059880239521,0.612073963264348,"xception_imagenet"
"inception_v3","imagenet","InceptionE-1",0.898989898989899,0.604332636255806,"inception_v3_imagenet"
"deit_tiny_patch16_224","imagenet","LayerNorm-19",0.745614035087719,0.596240298370826,"deit_tiny_patch16_224_imagenet"
"squeezenet1_1","imagenet","AdaptiveAvgPool2d-1",1,0.592581444508706,"squeezenet1_1_imagenet"
"retinanet_R_50_FPN_3x","detectron","BottleneckBlock-16",0.897435897435897,0.590367240199221,"retinanet_R_50_FPN_3x_detectron"
"mask_rcnn_X_101_32x8d_FPN_1x","detectron","BottleneckBlock-33",0.938775510204082,0.589108765436162,"mask_rcnn_X_101_32x8d_FPN_1x_detectron"
"shufflenet_v2_x1_0","imagenet","Conv2d-56",0.982035928143713,0.587717151089226,"shufflenet_v2_x1_0_imagenet"
"mask_rcnn_R_101_FPN_1x","detectron","BottleneckBlock-33",0.938775510204082,0.585765646487501,"mask_rcnn_R_101_FPN_1x_detectron"
"mask_rcnn_X_101_32x8d_FPN_3x","detectron","BottleneckBlock-32",0.91156462585034,0.579373010872917,"mask_rcnn_X_101_32x8d_FPN_3x_detectron"
"mask_rcnn_R_50_FPN_1x","detectron","BottleneckBlock-16",0.886075949367089,0.577215695005906,"mask_rcnn_R_50_FPN_1x_detectron"
"retinanet_R_101_FPN_3x","detectron","BottleneckBlock-32",0.917808219178082,0.574651246896095,"retinanet_R_101_FPN_3x_detectron"
"vit_tiny_patch16_224","imagenet","Linear-49",1,0.572996687501984,"vit_tiny_patch16_224_imagenet"
"ResNet50-MoCoV2-BS256","selfsupervised","AdaptiveAvgPool2d-1",1,0.57120101070103,"ResNet50-MoCoV2-BS256_selfsupervised"
"ResNet50-NPID-4KNegative","selfsupervised","AdaptiveAvgPool2d-1",1,0.57120101070103,"ResNet50-NPID-4KNegative_selfsupervised"
"faster_rcnn_X_101_32x8d_FPN_3x","detectron","FrozenBatchNorm2d-96",0.863945578231292,0.568768988347815,"faster_rcnn_X_101_32x8d_FPN_3x_detectron"
"squeezenet1_0","imagenet","AdaptiveAvgPool2d-1",1,0.567834647722522,"squeezenet1_0_imagenet"
"ResNet50-ClusterFit-16K-RotNet","selfsupervised","AdaptiveAvgPool2d-1",1,0.566253573064271,"ResNet50-ClusterFit-16K-RotNet_selfsupervised"
"vit_base_patch16_224_miil_in21k","imagenet21k","Linear-39",0.789473684210526,0.565683073842774,"vit_base_patch16_224_miil_in21k_imagenet21k"
"faster_rcnn_R_101_FPN_3x","detectron","BottleneckBlock-32",0.91156462585034,0.562545280310589,"faster_rcnn_R_101_FPN_3x_detectron"
"shufflenet_v2_x0_5","imagenet","Linear-1",1,0.560800778651044,"shufflenet_v2_x0_5_imagenet"
"mask_rcnn_R_101_FPN_3x","detectron","BottleneckBlock-32",0.91156462585034,0.560210007867407,"mask_rcnn_R_101_FPN_3x_detectron"
"faster_rcnn_R_101_DC5_3x","detectron","BottleneckBlock-32",0.971014492753623,0.557271604569941,"faster_rcnn_R_101_DC5_3x_detectron"
"mask_rcnn_R_50_FPN_3x","detectron","BottleneckBlock-15",0.835443037974684,0.550099443978442,"mask_rcnn_R_50_FPN_3x_detectron"
"faster_rcnn_R_50_FPN_3x","detectron","BottleneckBlock-15",0.835443037974684,0.546289908427787,"faster_rcnn_R_50_FPN_3x_detectron"
"mask_rcnn_R_101_DC5_3x","detectron","BottleneckBlock-31",0.942028985507246,0.546137958477444,"mask_rcnn_R_101_DC5_3x_detectron"
"panoptic_fpn_R_50_3x","detectron","BottleneckBlock-15",0.835443037974684,0.542572286160798,"panoptic_fpn_R_50_3x_detectron"
"mask_rcnn_R_101_C4_3x","detectron","BottleneckBlock-28",0.936,0.542430813018704,"mask_rcnn_R_101_C4_3x_detectron"
"faster_rcnn_R_50_DC5_3x","detectron","FrozenBatchNorm2d-48",0.9,0.538719817435003,"faster_rcnn_R_50_DC5_3x_detectron"
"faster_rcnn_R_101_C4_3x","detectron","BottleneckBlock-28",0.936,0.537591394325339,"faster_rcnn_R_101_C4_3x_detectron"
"mask_rcnn_R_50_DC5_3x","detectron","BottleneckBlock-15",0.942857142857143,0.535938910508534,"mask_rcnn_R_50_DC5_3x_detectron"
"nasnetalarge","imagenet","Conv2d-665",0.937007874015748,0.531769317436438,"nasnetalarge_imagenet"
"faster_rcnn_R_50_C4_3x","detectron","BottleneckBlock-12",0.929824561403509,0.513351888584762,"faster_rcnn_R_50_C4_3x_detectron"
"mask_rcnn_R_50_C4_3x","detectron","BottleneckBlock-13",1,0.508095296137671,"mask_rcnn_R_50_C4_3x_detectron"
"ResNet50-JigSaw-P100","selfsupervised","AdaptiveAvgPool2d-1",1,0.496515225148357,"ResNet50-JigSaw-P100_selfsupervised"
"ResNet50-JigSaw-Goyal19","selfsupervised","AdaptiveAvgPool2d-1",1,0.489722540390935,"ResNet50-JigSaw-Goyal19_selfsupervised"
"mixer_b16_224_miil_in21k","imagenet21k","Linear-9",0.193548387096774,0.487185807073087,"mixer_b16_224_miil_in21k_imagenet21k"
"ResNet50-RotNet","selfsupervised","AdaptiveAvgPool2d-1",1,0.463272428854365,"ResNet50-RotNet_selfsupervised"
"keypoint_rcnn_R_50_FPN_3x","detectron","BottleneckBlock-14",0.784810126582278,0.455639460806788,"keypoint_rcnn_R_50_FPN_3x_detectron"
"class_object","taskonomy","ReLU-46",0.919753086419753,0.439034880425194,"class_object_taskonomy"
"class_scene","taskonomy","ReLU-43",0.864197530864197,0.43599495747846,"class_scene_taskonomy"
"deit_base_patch16_224","random","Linear-48",0.956140350877193,0.378523363613712,"deit_base_patch16_224_random"
"convnext_base","random","GELU-34",0.895348837209302,0.367855924023493,"convnext_base_random"
"edge_occlusion","taskonomy","Conv2d-28",0.506172839506173,0.367391554528338,"edge_occlusion_taskonomy"
"depth_euclidean","taskonomy","ReLU-24",0.487654320987654,0.36646904197426,"depth_euclidean_taskonomy"
"segment_semantic","taskonomy","ReLU-25",0.518518518518518,0.365920236431317,"segment_semantic_taskonomy"
"tnt_s_patch16_224","random","Linear-87",0.635714285714286,0.36436531614085,"tnt_s_patch16_224_random"
"xception","random","Linear-1",1,0.363903335459812,"xception_random"
"hardcorenas_f","random","HardSwishMe-3",0.290598290598291,0.362957115679733,"hardcorenas_f_random"
"curvature","taskonomy","BatchNorm2d-28",0.512345679012346,0.361960452781996,"curvature_taskonomy"
"cait_s24_224","random","Linear-123",0.781065088757396,0.361242927559326,"cait_s24_224_random"
"reshading","taskonomy","ReLU-32",0.648148148148148,0.360306831465153,"reshading_taskonomy"
"keypoints3d","taskonomy","ReLU-39",0.777777777777778,0.359497743663662,"keypoints3d_taskonomy"
"room_layout","taskonomy","ReLU-25",0.518518518518518,0.357006223840643,"room_layout_taskonomy"
"twins_svt_base","random","Dropout-88",0.880597014925373,0.356997861898726,"twins_svt_base_random"
"hardcorenas_a","random","HardSigmoidMe-8",0.921428571428571,0.354786526205848,"hardcorenas_a_random"
"deit_tiny_patch16_224","random","Linear-34",0.692982456140351,0.353598879409828,"deit_tiny_patch16_224_random"
"vit_tiny_patch16_224","random","Dropout-38",0.763157894736842,0.351113184315717,"vit_tiny_patch16_224_random"
"depth_zbuffer","taskonomy","ReLU-23",0.469135802469136,0.349500434060183,"depth_zbuffer_taskonomy"
"spnasnet_100","random","InvertedResidual-18",0.882352941176471,0.3466587523083,"spnasnet_100_random"
"segment_unsup25d","taskonomy","ReLU-28",0.574074074074074,0.346576295605637,"segment_unsup25d_taskonomy"
"densenet169","random","ReLU-158",0.933723196881092,0.346094194579129,"densenet169_random"
"normal","taskonomy","ReLU-32",0.648148148148148,0.340742521915021,"normal_taskonomy"
"point_matching","taskonomy","ReLU-12",0.246913580246914,0.335094280702697,"point_matching_taskonomy"
"fixated_pose","taskonomy","ReLU-24",0.487654320987654,0.330593672312267,"fixated_pose_taskonomy"
"segment_unsup2d","taskonomy","ReLU-40",0.796296296296296,0.329757203903018,"segment_unsup2d_taskonomy"
"nasnetalarge","random","Conv2d-662",0.934055118110236,0.327486486611462,"nasnetalarge_random"
"egomotion","taskonomy","BatchNorm2d-15",0.271604938271605,0.322357836243054,"egomotion_taskonomy"
"nonfixated_pose","taskonomy","ReLU-27",0.555555555555556,0.321203039183519,"nonfixated_pose_taskonomy"
"densenet121","random","Linear-1",1,0.317540844175635,"densenet121_random"
"inception_v4","random","AvgPool2d-12",0.8559670781893,0.316887980367366,"inception_v4_random"
"densenet161","random","Linear-1",1,0.315868237511438,"densenet161_random"
"tf_efficientnet_b7","random","Conv2d-150",0.545092838196287,0.314899915819731,"tf_efficientnet_b7_random"
"swin_base_patch4_window7_224","random","Linear-93",0.907103825136612,0.313492144902184,"swin_base_patch4_window7_224_random"
"vgg13_bn","random","BatchNorm2d-6",0.475,0.312483543639608,"vgg13_bn_random"
"efficientnetv2_rw_s","random","SwishMe-5",0.0476190476190476,0.311210366783681,"efficientnetv2_rw_s_random"
"visformer_small","random","Conv2d-35",0.602941176470588,0.310759522791212,"visformer_small_random"
"nf_resnet50","random","AdaptiveAvgPool2d-1",0.987654320987654,0.309844982232365,"nf_resnet50_random"
"resnext101_32x8d","random","AdaptiveAvgPool2d-1",0.996784565916399,0.306056876760696,"resnext101_32x8d_random"
"densenet201","random","Linear-1",1,0.304160677929051,"densenet201_random"
"mobilenetv3_large_100_miil_in21k","imagenet21k","Conv2d-17",0.259887005649718,0.302381944084303,"mobilenetv3_large_100_miil_in21k_imagenet21k"
"mobilenetv3_rw","random","HardSwishMe-1",0.0170454545454545,0.301319822866542,"mobilenetv3_rw_random"
"vit_base_patch16_224","random","GELU-8",0.640350877192982,0.301311777324988,"vit_base_patch16_224_random"
"levit_128","random","HardSwishMe-1",0.0280373831775701,0.297201675117508,"levit_128_random"
"googlenet","random","MaxPool2d-6",0.348717948717949,0.2959890273691,"googlenet_random"
"inpainting","taskonomy","ReLU-41",0.814814814814815,0.295199036546819,"inpainting_taskonomy"
"swin_tiny_patch4_window7_224","random","Linear-49",0.919191919191919,0.292213828023377,"swin_tiny_patch4_window7_224_random"
"vgg11_bn","random","Linear-1",0.882352941176471,0.292134346774184,"vgg11_bn_random"
"vgg19_bn","random","BatchNorm2d-2",0.0862068965517241,0.292130751037424,"vgg19_bn_random"
"inception_resnet_v2","random","ReLU-159",0.653846153846154,0.292048465361137,"inception_resnet_v2_random"
"vgg13","random","ReLU-12",0.966666666666667,0.29140004302435,"vgg13_random"
"mixer_b16_224","random","GELU-6",0.241935483870968,0.289961660055738,"mixer_b16_224_random"
"convit_base","random","Linear-65",0.920353982300885,0.289009283160415,"convit_base_random"
"pit_b_224","random","Linear-51",0.913385826771654,0.288563599280709,"pit_b_224_random"
"autoencoding","taskonomy","ReLU-11",0.228395061728395,0.288391751444407,"autoencoding_taskonomy"
"regnety_064","random","Sigmoid-7",0.288389513108614,0.28810385683422,"regnety_064_random"
"eca_nfnet_l0","random","SwishMe-1",0.0202020202020202,0.287616921931955,"eca_nfnet_l0_random"
"skresnext50_32x4d","random","AdaptiveAvgPool2d-1",0.996062992125984,0.287474369471679,"skresnext50_32x4d_random"
"vgg11","random","MaxPool2d-5",0.807692307692308,0.286821438820274,"vgg11_random"
"keypoints2d","taskonomy","ReLU-50",0.993827160493827,0.285940852136969,"keypoints2d_taskonomy"
"eca_nfnet_l1","random","SwishMe-2",0.0233918128654971,0.285238226207853,"eca_nfnet_l1_random"
"resnext50_32x4d","random","AdaptiveAvgPool2d-1",0.993670886075949,0.282751916472563,"resnext50_32x4d_random"
"pit_ti_224","random","Linear-11",0.220338983050847,0.281450611167344,"pit_ti_224_random"
"mixer_l16_224","random","GELU-42",0.860655737704918,0.280857896098952,"mixer_l16_224_random"
"denoising","taskonomy","MaxPool2d-2",0.203703703703704,0.279542378397156,"denoising_taskonomy"
"seresnext50_32x4d","random","AdaptiveAvgPool2d-1",0.994871794871795,0.278586629871219,"seresnext50_32x4d_random"
"vit_base_patch32_224","random","Linear-48",0.964912280701754,0.278244118270627,"vit_base_patch32_224_random"
"vgg16","random","Linear-1",0.888888888888889,0.277753354977722,"vgg16_random"
"vanishing_point","taskonomy","ReLU-4",0.0925925925925926,0.276979442721856,"vanishing_point_taskonomy"
"vgg19","random","Conv2d-6",0.30952380952381,0.274424422398658,"vgg19_random"
"cspdarknet53","random","Conv2d-7",0.117647058823529,0.274158963077248,"cspdarknet53_random"
"gernet_s","random","Conv2d-7",0.166666666666667,0.273707766396575,"gernet_s_random"
"resnet18","random","AdaptiveAvgPool2d-1",0.983333333333333,0.271842704264319,"resnet18_random"
"jigsaw","taskonomy","MaxPool2d-1",0.0246913580246914,0.271608208946033,"jigsaw_taskonomy"
"resnet34","random","ReLU-2",0.0648148148148148,0.267614348661779,"resnet34_random"
"wide_resnet50_2","random","ReLU-2",0.0443037974683544,0.266745490217132,"wide_resnet50_2_random"
"resnet152","random","Conv2d-6",0.0344827586206897,0.265967035962539,"resnet152_random"
"coat_lite_mini","random","Linear-33",1,0.265432611134778,"coat_lite_mini_random"
"inception_v3","random","BasicConv2d-40",0.424242424242424,0.263718485412161,"inception_v3_random"
"random_weights","taskonomy","Conv2d-4",0.0679012345679012,0.263123255587995,"random_weights_taskonomy"
"dla34","random","MaxPool2d-6",0.831858407079646,0.263021335914999,"dla34_random"
"wide_resnet101_2","random","BatchNorm2d-6",0.0546623794212219,0.262620293507044,"wide_resnet101_2_random"
"vgg16_bn","random","ReLU-14",0.938775510204082,0.259896748375599,"vgg16_bn_random"
"squeezenet1_0","random","MaxPool2d-1",0.046875,0.259247122203501,"squeezenet1_0_random"
"shufflenet_v2_x0_5","random","InvertedResidual-1",0.107784431137725,0.257499858998828,"shufflenet_v2_x0_5_random"
"resnet50","random","ReLU-4",0.0949367088607595,0.256758807368602,"resnet50_random"
"resnet101","random","ReLU-2",0.022508038585209,0.255798962166197,"resnet101_random"
"shufflenet_v2_x1_0","random","ReLU-3",0.0718562874251497,0.255198114120406,"shufflenet_v2_x1_0_random"
"mobilenet_v2","random","BatchNorm2d-2",0.033112582781457,0.254729442346183,"mobilenet_v2_random"
"regnetx_064","random","Conv2d-13",0.245098039215686,0.254288076699305,"regnetx_064_random"
"mnasnet1_0","random","ReLU-18",0.490066225165563,0.25363035030292,"mnasnet1_0_random"
"ghostnet_100","random","ReLU-1",0.0106761565836299,0.25275722329955,"ghostnet_100_random"
"squeezenet1_1","random","MaxPool2d-1",0.046875,0.24822181515039,"squeezenet1_1_random"
"repvgg_b3g4","random","Identity-41",0.319444444444444,0.238113947186421,"repvgg_b3g4_random"
"twins_pcpvt_base","random","Linear-133",0.951149425287356,0.237989721683504,"twins_pcpvt_base_random"
"edge_texture","taskonomy","ReLU-5",0.111111111111111,0.229377855636363,"edge_texture_taskonomy"
"mnasnet0_5","random","ReLU-1",0.0198675496688742,0.222175941213907,"mnasnet0_5_random"
